 
CREATE TABLE Worker (
	WORKER_ID NUMBER(4) NOT NULL PRIMARY KEY ,
	FIRST_NAME VARCHAR2(25),
	LAST_NAME VARCHAR2(25),
	SALARY NUMBER(15),
	JOINING_DATE DATE,
	DEPARTMENT VARCHAR2(25)
);

INSERT INTO Worker 
	(WORKER_ID,FIRST_NAME, LAST_NAME, SALARY, JOINING_DATE, DEPARTMENT) 
VALUES
		(001, 'Monika', 'Arora', 100000, '14-FEB-20', 'HR');
INSERT INTO Worker (WORKER_ID,FIRST_NAME, LAST_NAME, SALARY, JOINING_DATE, DEPARTMENT) VALUES
		(002, 'Niharika', 'Verma', 80000, '14-JUN-11', 'Admin');
INSERT INTO Worker (WORKER_ID,FIRST_NAME, LAST_NAME, SALARY, JOINING_DATE, DEPARTMENT) VALUES
		(003, 'Vishal', 'Singhal', 300000, '14-FEB-20', 'HR');
INSERT INTO Worker (WORKER_ID,FIRST_NAME, LAST_NAME, SALARY, JOINING_DATE, DEPARTMENT) VALUES
		(004, 'Amitabh', 'Singh', 500000, '14-FEB-20', 'Admin');
INSERT INTO Worker (WORKER_ID,FIRST_NAME, LAST_NAME, SALARY, JOINING_DATE, DEPARTMENT) VALUES
		(005, 'Vivek', 'Bhati', 500000, '14-JUN-11', 'Admin');
INSERT INTO Worker (WORKER_ID,FIRST_NAME, LAST_NAME, SALARY, JOINING_DATE, DEPARTMENT) VALUES
		(006, 'Vipul', 'Diwan', 200000, '14-JUN-11', 'Account');
INSERT INTO Worker (WORKER_ID,FIRST_NAME, LAST_NAME, SALARY, JOINING_DATE, DEPARTMENT) VALUES
		(007, 'Satish', 'Kumar', 75000, '14-JAN-20', 'Account');
INSERT INTO Worker (WORKER_ID,FIRST_NAME, LAST_NAME, SALARY, JOINING_DATE, DEPARTMENT) VALUES
		(008, 'Geetika', 'Chauhan', 90000, '14-APR-11', 'Admin');

CREATE TABLE Bonus1 (
	WORKER_REF_ID number,
	BONUS_AMOUNT NUMBER(10),
	BONUS_DATE DATE,
	FOREIGN KEY (WORKER_REF_ID)
		REFERENCES Worker(WORKER_ID)
        ON DELETE CASCADE
);

INSERT INTO Bonus1 
	(WORKER_REF_ID, BONUS_AMOUNT, BONUS_DATE) VALUES
		(001, 5000, '16-FEB-20');
INSERT INTO Bonus1 
	(WORKER_REF_ID, BONUS_AMOUNT, BONUS_DATE) VALUES
		(002, 3000, '16-JUN-11');
INSERT INTO Bonus1 
	(WORKER_REF_ID, BONUS_AMOUNT, BONUS_DATE) VALUES
		(003, 4000, '16-FEB-20');
INSERT INTO Bonus1 
	(WORKER_REF_ID, BONUS_AMOUNT, BONUS_DATE) VALUES
		(001, 4500, '16-FEB-20');
INSERT INTO Bonus1 
	(WORKER_REF_ID, BONUS_AMOUNT, BONUS_DATE) VALUES
		(002, 3500, '16-JUN-11');
CREATE TABLE Title (
	WORKER_REF_ID NUMBER,
	WORKER_TITLE VARCHAR2(25),
	AFFECTED_FROM DATE,
	FOREIGN KEY (WORKER_REF_ID)
		REFERENCES Worker(WORKER_ID)
        ON DELETE CASCADE
);

INSERT INTO Title 
	(WORKER_REF_ID, WORKER_TITLE, AFFECTED_FROM) VALUES
 (001, 'Manager', '16-FEB-20');

INSERT INTO Title 
	(WORKER_REF_ID, WORKER_TITLE, AFFECTED_FROM) VALUES
 (002, 'Executive', '16-JUN-11');
INSERT INTO Title 
	(WORKER_REF_ID, WORKER_TITLE, AFFECTED_FROM) VALUES
 (008, 'Executive', '16-JUN-11');
INSERT INTO Title 
	(WORKER_REF_ID, WORKER_TITLE, AFFECTED_FROM) VALUES
 (005, 'Manager', '16-JUN-11');
INSERT INTO Title 
	(WORKER_REF_ID, WORKER_TITLE, AFFECTED_FROM) VALUES
 (004, 'Asst. Manager', '16-JUN-11');

INSERT INTO Title 
	(WORKER_REF_ID, WORKER_TITLE, AFFECTED_FROM) VALUES
 (007, 'Executive', '16-JUN-11');
INSERT INTO Title 
	(WORKER_REF_ID, WORKER_TITLE, AFFECTED_FROM) VALUES
 (006, 'Lead', '16-JUN-11');
INSERT INTO Title 
	(WORKER_REF_ID, WORKER_TITLE, AFFECTED_FROM) VALUES
 (003, 'Lead', '16-JUN-11');